INSERT INTO Persona (DPI, Primer_Nombre, Segundo_Nombre, Primer_Apellido, Segundo_Apellido, Fecha_Nacimiento, Direccion) VALUES
(5802679301269, 'Alicia', 'Pascual', 'Ferrer', 'Pizarro', '2006-11-16 00:00:00', 'Calle Nuevo León 577 306\nNueva Uganda, TAB 03068'),
(5927862084448, 'Yuridia', 'Gabriela', 'Prado', 'Lira', '1977-09-27 00:00:00', 'Retorno Guanajuato 853 837\nVieja Bangladesh, ...'),
(3944372839685, 'José María', 'Camila', 'Leyva', 'Montenegro', '1998-01-12 00:00:00', 'Circunvalación Sur Riojas 852 Edif. 056 , Dept...'),
(9065653957149, 'José Emilio', 'Roberto', 'Barajas', 'Bonilla', '1974-11-07 00:00:00', 'Viaducto Camboya 748 006\nNueva Niger, GTO 18899'),
(4553996106396, 'Blanca', 'Angélica', 'Guerrero', 'Vera', '2002-08-06 00:00:00', 'Andador Norte Covarrubias 993 Edif. 228 , Dept...'),
(3463786339123, 'Jorge', 'Darío', 'Samaniego', 'Carrero', '1996-06-28 00:00:00', 'Continuación Jalisco 595 Interior 712\nVieja C...'),
(9020462756578, 'Camilo', 'Abel', 'Castillo', 'Baeza', '1977-10-19 00:00:00', 'Cerrada Tamaulipas 438 276\nVieja Gabón, CHIH ...'),
(6527467061490, 'Zacarías', 'Minerva', 'Morales', 'Castro', '2013-02-13 00:00:00', 'Privada Sur Quiñónez 490 Edif. 063 , Depto. 60...'),
(4344464959624, 'Olivia', 'Armando', 'Dueñas', 'Godínez', '1987-06-24 00:00:00', 'Viaducto Norte Anguiano 724 Edif. 829 , Depto....'),
(7467950263827, 'Modesto', 'Maximiliano', 'Jasso', 'Monroy', '1989-08-03 00:00:00', 'Circuito Collazo 438 Interior 917\nNueva Españ...'),
(7012755065577, 'Martha', 'Margarita', 'Soto', 'del Río', '1995-03-26 00:00:00', 'Calzada México 235 Edif. 599 , Depto. 544\nNue...'),
(6907021718251, 'César', 'Óscar', 'Ulloa', 'Salazar', '2010-02-16 00:00:00', 'Periférico Libia 807 Edif. 597 , Depto. 783\nV...'),
(9993103095480, 'Nayeli', 'Indira', 'Alvarado', 'Godoy', '2004-04-29 00:00:00', 'Continuación Nuevo León 930 Interior 329\nNuev...'),
(6864571495692, 'María', 'Daniel', 'Galindo', 'Peres', '1982-01-16 00:00:00', 'Privada Sur Zarate 275 Edif. 185 , Depto. 513\...'),
(2068861653660, 'Rubén', 'Leonardo', 'Camarillo', 'Grijalva', '2006-09-23 00:00:00', 'Callejón Villa 949 Edif. 562 , Depto. 159\nVie...'),
(4574420159811, 'Jonás', 'Genaro', 'Quiñónez', 'Pacheco', '2005-12-02 00:00:00', 'Diagonal España 107 762\nSan Rebeca los bajos,...'),
(4304113395937, 'Claudio', 'María Teresa', 'Cedillo', 'Tello', '1995-10-25 00:00:00', 'Pasaje Sur Valverde 079 Interior 113\nVieja Ar...'),
(8788315942398, 'Elvia', 'José', 'Iglesias', 'Segura', '1981-08-23 00:00:00', 'Continuación Guerrero 046 092\nSan Ariadna los...'),
(9053992434810, 'Yeni', 'Jesús', 'Ortiz', 'Jaramillo', '2003-02-12 00:00:00', 'Calle Sur Longoria 494 Interior 051\nNueva Chi...'),
(4057514987321, 'Estela', 'Gabino', 'Armendáriz', 'Ramírez', '2008-09-25 00:00:00', 'Circunvalación Sur Ávila 866 171\nVieja Repúbl...'),
(8627849786318, 'Santiago', 'José Manuél', 'Sierra', 'Lovato', '2001-02-22 00:00:00', 'Corredor Chad 826 806\nVieja Kuwait, TAB 65250'),
(3686574519495, 'Agustín', 'Gerónimo', 'Cervántez', 'Garibay', '1984-06-14 00:00:00', 'Periférico Norte Ozuna 824 Interior 122\nVieja...'),
(3409615969034, 'Citlali', 'Leonardo', 'Villanueva', 'Terán', '2000-07-18 00:00:00', 'Retorno Vela 365 Interior 018\nSan Leticia de ...'),
(4050755113285, 'Abraham', 'Aida', 'Alvarado', 'Palacios', '2003-01-24 00:00:00', 'Periférico Menchaca 582 Edif. 407 , Depto. 868...'),
(8684196218974, 'René', 'Rodolfo', 'Castro', 'Cordero', '2006-04-11 00:00:00', 'Pasaje Norte Segovia 492 Interior 539\nSan Lil...'),
(4360823702923, 'Eduardo', 'Amalia', 'Ibarra', 'Jaimes', '1981-08-18 00:00:00', 'Corredor Sur Galván 969 166\nVieja Bahrein, PU...'),
(3056964377051, 'Luis Manuel', 'Raúl', 'Lozano', 'Prieto', '2002-09-02 00:00:00', 'Retorno Sur Garica 576 Edif. 841 , Depto. 124\...'),
(6479294894058, 'Gabino', 'Marco Antonio', 'Feliciano', 'Flores', '2007-01-16 00:00:00', 'Diagonal Sur Benavídez 263 606\nVieja Palau, B...'),
(2843394663043, 'Leonardo', 'Israel', 'Fajardo', 'Robledo', '1993-12-22 00:00:00', 'Periférico Jalisco 906 533\nSan Fidel de la Mo...'),
(6527251668204, 'Hermelinda', 'María Teresa', 'Abreu', 'Partida', '2002-05-16 00:00:00', 'Continuación Canadá 104 Edif. 448 , Depto. 855...'),
(4735794242946, 'Ricardo', 'Úrsula', 'Jaimes', 'Alonzo', '1998-09-06 00:00:00', 'Corredor Sur Trejo 334 Edif. 850 , Depto. 280\...'),
(9895411079230, 'Isaac', 'Adela', 'Herrera', 'Granados', '2009-12-01 00:00:00', 'Calle Rwanda 883 Edif. 922 , Depto. 168\nNueva...'),
(2681464925861, 'Camila', 'Andrea', 'Chacón', 'Gaytán', '2009-12-18 00:00:00', 'Diagonal Baja California 894 165\nSan César lo...'),
(6419485261947, 'Flavio', 'Teodoro', 'Rendón', 'Nájera', '2013-12-14 00:00:00', 'Prolongación Norte Hernández 538 Edif. 614 , D...'),
(3229727444165, 'Samuel', 'Mónica', 'Cabán', 'Castro', '1988-12-13 00:00:00', 'Circuito Santillán 541 204\nNueva Australia, Q...'),
(7326156881548, 'Paulina', 'Berta', 'Espino', 'Benítez', '2008-06-20 00:00:00', 'Calle Tamaulipas 793 Interior 659\nSan Yolanda...'),
(4029810848911, 'Israel', 'Amalia', 'Olmos', 'Ávalos', '2007-08-21 00:00:00', 'Andador Durango 588 356\nVieja Gambia, GTO 762...'),
(8369996553683, 'Clemente', 'Reina', 'Ibarra', 'Treviño', '2012-08-13 00:00:00', 'Circunvalación República de Corea 730 Interior...'),
(8764835915050, 'Soledad', 'Javier', 'Uribe', 'Fernández', '1991-12-13 00:00:00', 'Boulevard Sur Madrid 052 Edif. 125 , Depto. 62...'),
(3380107342207, 'Perla', 'Adriana', 'Mora', 'Rincón', '1990-06-12 00:00:00', 'Boulevard Benin 444 Edif. 555 , Depto. 015\nVi...'),
(3531586205737, 'Jesús', 'Patricio', 'Abrego', 'Ceja', '1996-10-09 00:00:00', 'Boulevard Angola 266 Edif. 029 , Depto. 418\nS...'),
(8229257269831, 'Norma', 'Cynthia', 'Calderón', 'Colón', '2011-04-30 00:00:00', 'Continuación Norte Rascón 644 662\nVieja Españ...'),
(1025225741124, 'Emilia', 'Zoé', 'Quintana', 'Olmos', '1974-01-28 00:00:00', 'Eje vial Sur Apodaca 269 Interior 795\nNueva E...'),
(1391163314149, 'Rebeca', 'Lucía', 'Venegas', 'Tafoya', '1991-10-23 00:00:00', 'Calzada Martínez 826 Interior 449\nVieja Méxic...'),
(8384865598472, 'Roberto', 'Rebeca', 'del Valle', 'Vásquez', '2010-04-25 00:00:00', 'Ampliación Tabasco 180 934\nNueva Micronesia, ...'),
(4058137431708, 'Gerardo', 'Juana', 'Rosario', 'Preciado', '1992-05-27 00:00:00', 'Privada Dinamarca 843 080\nVieja Omán, CHIS 23...'),
(1336009927754, 'Leonel', 'Inés', 'Aguilera', 'Cabán', '2012-02-08 00:00:00', 'Circunvalación Aguascalientes 565 523\nSan Ser...'),
(4617915975997, 'Esmeralda', 'Florencia', 'Lozada', 'Ochoa', '1992-01-04 00:00:00', 'Eje vial Cruz 367 Edif. 743 , Depto. 102\nNuev...'),
(1003800169867, 'María', 'Isabela', 'Espino', 'Pantoja', '1996-12-11 00:00:00', 'Periférico Gamboa 490 Edif. 330 , Depto. 210\n...'),
(1059522799033, 'Natividad', 'Eugenio', 'Saavedra', 'Huerta', '2010-11-04 00:00:00', 'Periférico Perú 347 839\nSan Cristian de la Mo...');

INSERT INTO Telefono (DPI, Telefono, Tipo) VALUES
(4574420159811, 52352579, 3),
(9895411079230, 53557084, 2),
(5927862084448, 54263730, 3),
(5927862084448, 50261223, 3),
(4735794242946, 56631025, 1),
(4050755113285, 55593369, 2),
(2068861653660, 59105621, 2),
(5802679301269, 58777146, 3),
(3380107342207, 57585540, 2),
(3686574519495, 53706784, 3),
(5802679301269, 59509782, 2),
(4304113395937, 50790070, 2),
(9020462756578, 58771423, 1),
(6864571495692, 52925231, 1),
(4553996106396, 59878457, 2),
(4553996106396, 52437380, 2),
(4029810848911, 55047793, 1),
(8369996553683, 52596402, 2),
(2843394663043, 52239653, 1),
(1025225741124, 58102618, 1),
(5802679301269, 56456192, 1),
(1059522799033, 53477049, 2),
(6479294894058, 51294124, 3),
(8788315942398, 58185052, 1),
(1391163314149, 52620667, 1),
(2681464925861, 56963421, 2),
(8229257269831, 55200920, 2),
(9993103095480, 58312923, 1),
(8627849786318, 53818167, 1),
(8788315942398, 56412689, 3),
(1003800169867, 50944462, 2),
(2068861653660, 54104476, 1),
(4574420159811, 59303398, 1),
(8229257269831, 53819782, 1),
(9895411079230, 50087149, 3),
(9993103095480, 57063490, 1),
(1391163314149, 55731875, 3),
(2843394663043, 53158163, 2),
(1391163314149, 51603625, 3),
(3409615969034, 53195722, 1),
(3463786339123, 55921745, 2),
(8764835915050, 54405090, 1),
(3463786339123, 57940695, 3),
(1025225741124, 58352539, 3),
(4304113395937, 55534286, 3),
(7326156881548, 57222894, 3),
(3409615969034, 58493057, 1),
(4304113395937, 56813680, 2),
(1059522799033, 58970005, 1),
(1336009927754, 57517348, 2),
(4360823702923, 53729983, 3),
(3409615969034, 51780632, 1),
(6479294894058, 50083620, 2),
(3531586205737, 52086428, 2),
(8627849786318, 57850456, 3),
(8369996553683, 57616999, 2),
(6419485261947, 55245434, 3),
(3229727444165, 50866093, 2),
(3056964377051, 59941133, 1),
(1025225741124, 50415343, 1),
(8384865598472, 59669332, 1),
(5802679301269, 52152676, 2),
(8627849786318, 54397171, 1),
(8229257269831, 52848355, 1),
(4029810848911, 57800380, 3),
(9065653957149, 57315195, 1),
(4058137431708, 53740370, 3),
(2068861653660, 54496617, 2),
(3463786339123, 52887386, 1),
(6907021718251, 54651507, 3),
(4360823702923, 54711611, 1),
(8764835915050, 58895413, 2),
(3686574519495, 53840560, 2),
(2843394663043, 51970848, 3),
(6419485261947, 59485769, 2),
(4050755113285, 53293740, 2),
(3463786339123, 58318489, 1),
(8764835915050, 57767924, 3),
(4057514987321, 51044293, 2),
(3229727444165, 51518345, 2),
(5927862084448, 50448785, 1),
(3056964377051, 53083259, 2),
(8788315942398, 52677288, 2),
(7467950263827, 52610158, 2),
(9993103095480, 55662688, 3),
(4058137431708, 51258285, 2),
(5802679301269, 58332795, 2),
(8684196218974, 51750351, 2),
(6527467061490, 52531751, 1),
(8684196218974, 55596653, 2);

INSERT INTO Email (DPI, email) VALUES
(6907021718251, 'david72@hotmail.com'),
(2068861653660, 'rodolfocortes@gmail.com'),
(6527467061490, 'maria-del-carmenrosas@hotmail.com'),
(3380107342207, 'leoneltejeda@gmail.com'),
(3463786339123, 'gtijerina@hotmail.com'),
(4344464959624, 'maria-elenazamora@yahoo.com'),
(3380107342207, 'lilianabadillo@hotmail.com'),
(2681464925861, 'vsalcido@yahoo.com'),
(3229727444165, 'yeni48@hotmail.com'),
(4058137431708, 'horacio10@yahoo.com'),
(1391163314149, 'kfuentes@hotmail.com'),
(4304113395937, 'mitzyzedillo@gmail.com'),
(3531586205737, 'robertoborrego@hotmail.com'),
(4360823702923, 'dalva@gmail.com'),
(3380107342207, 'evelioresendez@yahoo.com'),
(4057514987321, 'aliciacervantez@yahoo.com'),
(2843394663043, 'qtorrez@gmail.com'),
(3380107342207, 'laura91@yahoo.com'),
(6907021718251, 'diana00@gmail.com'),
(6479294894058, 'ecordero@yahoo.com'),
(4057514987321, 'arenasmaria-jose@hotmail.com'),
(7012755065577, 'geronimo95@gmail.com'),
(5927862084448, 'felixnieto@gmail.com'),
(3229727444165, 'zsalgado@yahoo.com'),
(6479294894058, 'magdalena91@gmail.com'),
(5927862084448, 'locampo@gmail.com'),
(4304113395937, 'augusto62@yahoo.com'),
(6527251668204, 'molivarez@hotmail.com'),
(6479294894058, 'gholguin@yahoo.com'),
(5802679301269, 'tomasgil@hotmail.com'),
(4029810848911, 'zunigabernabe@yahoo.com'),
(7326156881548, 'xluevano@yahoo.com'),
(3056964377051, 'econcepcion@gmail.com'),
(2068861653660, 'srios@yahoo.com'),
(1391163314149, 'beatrizmolina@gmail.com'),
(1025225741124, 'nietoluis-miguel@hotmail.com'),
(4058137431708, 'granadoespartaco@hotmail.com'),
(3531586205737, 'marcela26@hotmail.com'),
(2843394663043, 'vmuniz@yahoo.com'),
(9053992434810, 'teodoro52@hotmail.com'),
(3463786339123, 'maestassessa@hotmail.com'),
(9065653957149, 'svillalpando@yahoo.com'),
(3409615969034, 'vicentemejia@yahoo.com'),
(1336009927754, 'alcarazjuan-carlos@yahoo.com'),
(8229257269831, 'jacinto32@hotmail.com'),
(4360823702923, 'gabriel31@yahoo.com'),
(3944372839685, 'gerardodel-rio@yahoo.com'),
(4304113395937, 'santiagocarlos@yahoo.com'),
(4553996106396, 'carmenbueno@gmail.com'),
(5802679301269, 'cornelio35@yahoo.com'),
(7326156881548, 'alfredo42@hotmail.com'),
(3056964377051, 'espartacogil@hotmail.com'),
(1025225741124, 'carvajalrufino@gmail.com'),
(1003800169867, 'jesus20@hotmail.com'),
(1003800169867, 'mariselatorres@yahoo.com'),
(5927862084448, 'mayorgaeva@gmail.com'),
(7012755065577, 'noriegaisrael@yahoo.com'),
(6479294894058, 'negrondebora@gmail.com'),
(5927862084448, 'zaragozaabril@hotmail.com'),
(2843394663043, 'felizondo@yahoo.com'),
(9020462756578, 'sergiocasares@yahoo.com'),
(2843394663043, 'qmontanez@gmail.com'),
(9993103095480, 'conchitaramirez@gmail.com'),
(8764835915050, 'dianarosario@yahoo.com'),
(4553996106396, 'tomaszavala@hotmail.com'),
(6527251668204, 'imedina@hotmail.com'),
(4553996106396, 'roblesmaria-jose@hotmail.com'),
(2681464925861, 'francisca66@hotmail.com'),
(8229257269831, 'yvaladez@hotmail.com'),
(4360823702923, 'dulce-maria50@hotmail.com'),
(2068861653660, 'zeferino86@hotmail.com'),
(8684196218974, 'robledoeric@yahoo.com'),
(4574420159811, 'paolaangulo@hotmail.com'),
(3944372839685, 'ymelendez@yahoo.com'),
(7012755065577, 'ruby04@hotmail.com'),
(1003800169867, 'liliana31@yahoo.com'),
(9065653957149, 'ymelendez@yahoo.com'),
(6479294894058, 'felix59@yahoo.com'),
(6527467061490, 'esperanza10@hotmail.com'),
(6527467061490, 'emilia65@hotmail.com'),
(9065653957149, 'pascualcalvillo@yahoo.com'),
(1336009927754, 'vierabenjamin@yahoo.com'),
(1336009927754, 'dulce-maria96@hotmail.com'),
(1003800169867, 'ffarias@hotmail.com'),
(5802679301269, 'ecintron@hotmail.com'),
(6419485261947, 'espartaco93@hotmail.com'),
(3380107342207, 'jmata@gmail.com'),
(6907021718251, 'anayaursula@yahoo.com'),
(7467950263827, 'espinosaperla@hotmail.com'),
(3463786339123, 'rolando30@hotmail.com'),
(1025225741124, 'hermelinda90@yahoo.com'),
(4029810848911, 'palaciosjos@gmail.com'),
(6527251668204, 'valeman@hotmail.com'),
(5802679301269, 'segoviaisaac@gmail.com'),
(3686574519495, 'emiliomiramontes@yahoo.com'),
(6479294894058, 'lorena51@yahoo.com'),
(3686574519495, 'estebancastillo@hotmail.com'),
(1059522799033, 'zorosco@hotmail.com'),
(4553996106396, 'benitezmagdalena@gmail.com'),
(4574420159811, 'amador49@yahoo.com');

INSERT INTO Rol (rol) VALUES
('Estudiante'),
('Tutor'),
('Encargado');

INSERT INTO Rol_Persona (DPI, rol) VALUES
(1003800169867, 3),
(1025225741124, 3),
(1059522799033, 1),
(1336009927754, 1),
(1391163314149, 3),
(2068861653660, 1),
(2681464925861, 1),
(2843394663043, 1),
(3056964377051, 3),
(3229727444165, 3),
(3380107342207, 3),
(3409615969034, 3),
(3463786339123, 1),
(3531586205737, 1),
(3686574519495, 3),
(3944372839685, 2),
(4029810848911, 1),
(4050755113285, 3),
(4057514987321, 1),
(4058137431708, 1),
(4304113395937, 1),
(4344464959624, 2),
(4360823702923, 1),
(4360823702923, 3),
(4553996106396, 2),
(4574420159811, 1),
(4617915975997, 3),
(4735794242946, 3),
(5802679301269, 1),
(5927862084448, 2),
(6419485261947, 1),
(6479294894058, 1),
(6527251668204, 3),
(6527467061490, 1),
(6864571495692, 2),
(6907021718251, 1),
(7012755065577, 2),
(7012755065577, 3),
(7012755065577, 1),
(7326156881548, 1),
(7467950263827, 2),
(8229257269831, 1),
(8369996553683, 1),
(8384865598472, 1),
(8627849786318, 2),
(8684196218974, 1),
(8764835915050, 3),
(8788315942398, 2),
(9020462756578, 2),
(9053992434810, 2),
(9065653957149, 2),
(9895411079230, 1),
(9993103095480, 2);

INSERT INTO Materia (materia) VALUES
('Matemática'),
('Inglés'),
('Idioma Español'),
('Ciencias Naturales'),
('Estudios Sociales'),
('Física'),
('Química'),
('Computación'),
('Programación'),
('Biología');

INSERT INTO Nivel (nivel) VALUES
('Primaria'),
('Secundaria'),
('Diversificado'),
('Universitario');

INSERT INTO Materia_Nivel (id_materia, id_nivel) VALUES
(1, 1),
(2, 1),
(3, 1),
(4, 1),
(5, 1),
(8, 1),
(1, 2),
(2, 2),
(3, 2),
(4, 2),
(5, 2),
(6, 2),
(7, 2),
(8, 2),
(9, 2),
(10, 2),
(1, 3),
(2, 3),
(5, 3),
(6, 3),
(7, 3),
(8, 3),
(9, 3),
(10, 3),
(1, 4),
(6, 4),
(7, 4),
(9, 4),
(10, 4),
(5, 4),
(6, 1),
(7, 1),
(8, 4);

INSERT INTO Alumno_Nivel (DPI_Alumno, id_nivel) VALUES
(5802679301269, 4),
(6527467061490, 4),
(6907021718251, 1),
(2068861653660, 4),
(4574420159811, 2),
(4029810848911, 2),
(8369996553683, 4),
(8229257269831, 4),
(8384865598472, 1),
(1336009927754, 1),
(1059522799033, 1),
(3463786339123, 1),
(3531586205737, 4),
(4058137431708, 3),
(5802679301269, 4),
(6527467061490, 3),
(6907021718251, 3),
(2068861653660, 3),
(4574420159811, 4),
(4057514987321, 3),
(8684196218974, 1),
(6479294894058, 4),
(9895411079230, 1),
(2681464925861, 4),
(6419485261947, 3),
(7326156881548, 1),
(4029810848911, 1),
(8369996553683, 2),
(8229257269831, 2),
(8384865598472, 1),
(1336009927754, 3),
(1059522799033, 4),
(3463786339123, 1),
(7012755065577, 3),
(7012755065577, 3),
(3686574519495, 2),
(4360823702923, 1);

INSERT INTO Encargado_Alumno (DPI_Encargado, DPI_Alumno) VALUES
(3686574519495, 4057514987321),
(4360823702923, 5802679301269),
(2843394663043, 2843394663043),
(8684196218974, 1059522799033),
(6527251668204, 8384865598472),
(1391163314149, 1059522799033),
(4360823702923, 3463786339123),
(1391163314149, 4029810848911),
(9065653957149, 4029810848911),
(3409615969034, 2843394663043),
(3409615969034, 4360823702923),
(1025225741124, 2068861653660),
(4050755113285, 1059522799033),
(1003800169867, 7326156881548),
(4050755113285, 8684196218974),
(3409615969034, 8229257269831),
(3409615969034, 7012755065577),
(4735794242946, 5802679301269),
(7012755065577, 1336009927754),
(4050755113285, 6419485261947),
(6527251668204, 6907021718251),
(3229727444165, 1336009927754),
(4735794242946, 7012755065577),
(3686574519495, 7012755065577),
(6527251668204, 4029810848911),
(1391163314149, 4304113395937),
(1025225741124, 4057514987321),
(8764835915050, 1059522799033),
(4360823702923, 4360823702923),
(6527251668204, 1336009927754),
(8764835915050, 8684196218974),
(4360823702923, 6419485261947),
(6527251668204, 7012755065577);

INSERT INTO Tutor_Puede_Impartir (DPI_tutor, id_materia_nivel) VALUES
(3944372839685, 1),
(3944372839685, 2),
(3944372839685, 3),
(3944372839685, 4),
(3944372839685, 5),
(3944372839685, 8),
(3944372839685, 6),
(3944372839685, 7),
(3944372839685, 9),
(3944372839685, 10),
(4553996106396, 3),
(7467950263827, 4),
(9053992434810, 5),
(4344464959624, 8),
(9020462756578, 1),
(9065653957149, 2),
(6864571495692, 5),
(8788315942398, 6),
(9993103095480, 7),
(9065653957149, 8),
(8788315942398, 9),
(7012755065577, 10),
(9065653957149, 1),
(4553996106396, 2),
(7012755065577, 5),
(9065653957149, 6),
(9020462756578, 8),
(7467950263827, 10),
(6864571495692, 1),
(4553996106396, 6),
(6864571495692, 7),
(5927862084448, 9),
(9053992434810, 10);

INSERT INTO Sucursal (id_sucursal, nombre) VALUES
(1, 'Zona 10'),
(2, 'Zona 9'),
(3, 'Zona 13');

INSERT INTO Salon (id_salon, id_sucursal, nombre) VALUES
(1, 1, 'Blanco'),
(2, 1, 'Rojo'),
(3, 1, 'Amarillo'),
(4, 1, 'Verde'),
(5, 1, 'Azul'),
(6, 2, 'X'),
(7, 2, 'Y'),
(8, 2, 'Z'),
(9, 3, 'Alfa'),
(10, 3, 'Beta'),
(11, 3, 'Gama'),
(12, 3, 'Omega'),
(13, 3, 'Delta');

INSERT INTO Tutoria (DPI_tutor, DPI_alumno, id_materia_nivel, Fecha, Hora_Inicio, Hora_Fin, Estado, id_salon, calificacion) VALUES
(8788315942398, 6907021718251, 7, '2022-01-13 00:00:00', '17:00:00', '18:00:00', 2, 11, 5),
(9993103095480, 4304113395937, 10, '2022-01-15 00:00:00', '13:00:00', '14:00:00', 2, 3, 5),
(3944372839685, 6907021718251, 24, '2022-01-26 00:00:00', '12:00:00', '13:00:00', 1, 7, 5),
(8627849786318, 2681464925861, 9, '2022-02-15 00:00:00', '19:00:00', '20:00:00', 2, 13, 1),
(4553996106396, 6419485261947, 8, '2022-04-23 00:00:00', '19:00:00', '20:00:00', 2, 10, 1),
(9993103095480, 6479294894058, 16, '2022-05-07 00:00:00', '15:00:00', '16:00:00', 2, 6, 3),
(8788315942398, 6907021718251, 14, '2022-05-08 00:00:00', '16:00:00', '17:00:00', 2, 2, 3),
(9020462756578, 6907021718251, 7, '2022-05-19 00:00:00', '19:00:00', '20:00:00', 2, 12, 3),
(7012755065577, 7012755065577, 15, '2022-06-09 00:00:00', '18:00:00', '19:00:00', 2, 4, 1),
(8788315942398, 4058137431708, 8, '2022-07-08 00:00:00', '13:00:00', '14:00:00', 2, 13, 4),
(5927862084448, 4360823702923, 30, '2022-07-23 00:00:00', '13:00:00', '14:00:00', 2, 11, 1),
(4344464959624, 5802679301269, 6, '2022-08-23 00:00:00', '16:00:00', '17:00:00', 2, 7, 4),
(8627849786318, 8369996553683, 6, '2022-09-26 00:00:00', '15:00:00', '16:00:00', 2, 3, 5),
(5927862084448, 4057514987321, 8, '2022-10-07 00:00:00', '15:00:00', '16:00:00', 1, 11, 3),
(6864571495692, 8229257269831, 8, '2022-10-09 00:00:00', '11:00:00', '12:00:00', 2, 3, 4),
(6864571495692, 4304113395937, 24, '2022-12-16 00:00:00', '18:00:00', '19:00:00', 2, 1, 2),
(8788315942398, 2068861653660, 7, '2023-03-08 00:00:00', '14:00:00', '15:00:00', 2, 9, 4),
(6864571495692, 4057514987321, 31, '2023-04-04 00:00:00', '15:00:00', '16:00:00', 1, 9, 4),
(9020462756578, 8229257269831, 16, '2023-04-11 00:00:00', '15:00:00', '16:00:00', 2, 9, 4),
(8788315942398, 2843394663043, 1, '2023-06-15 00:00:00', '18:00:00', '19:00:00', 2, 1, 3),
(4553996106396, 5802679301269, 9, '2023-06-18 00:00:00', '13:00:00', '14:00:00', 2, 11, 5),
(9993103095480, 4029810848911, 27, '2023-07-13 00:00:00', '14:00:00', '15:00:00', 2, 6, 5),
(3944372839685, 7326156881548, 23, '2023-07-23 00:00:00', '13:00:00', '14:00:00', 2, 4, 5),
(7012755065577, 4058137431708, 25, '2023-08-21 00:00:00', '16:00:00', '17:00:00', 2, 11, 5),
(4553996106396, 1059522799033, 32, '2023-08-25 00:00:00', '17:00:00', '18:00:00', 1, 13, 4),
(4553996106396, 6419485261947, 6, '2023-09-12 00:00:00', '14:00:00', '15:00:00', 2, 4, 3),
(7467950263827, 5802679301269, 15, '2023-10-02 00:00:00', '15:00:00', '16:00:00', 1, 1, 5),
(6864571495692, 3463786339123, 13, '2023-12-01 00:00:00', '18:00:00', '19:00:00', 2, 11, 4),
(4344464959624, 4029810848911, 2, '2024-04-09 00:00:00', '19:00:00', '20:00:00', 2, 4, 5),
(8627849786318, 2068861653660, 17, '2024-04-22 00:00:00', '18:00:00', '19:00:00', 2, 5, 5),
(5927862084448, 4304113395937, 31, '2024-06-03 00:00:00', '12:00:00', '13:00:00', 2, 8, 2),
(4344464959624, 6527467061490, 32, '2024-08-18 00:00:00', '12:00:00', '13:00:00', 2, 3, 3),
(7467950263827, 1336009927754, 4, '2024-09-02 00:00:00', '11:00:00', '12:00:00', 2, 8, 2),
(9020462756578, 1059522799033, 21, '2024-09-19 00:00:00', '20:00:00', '21:00:00', 3, 13, 2),
(5927862084448, 4574420159811, 19, '2024-09-19 00:00:00', '16:00:00', '17:00:00', 3, 11, 2),
(9065653957149, 4304113395937, 19, '2024-09-23 00:00:00', '16:00:00', '17:00:00', 3, 11, 5),
(7467950263827, 8369996553683, 33, '2024-09-27 00:00:00', '20:00:00', '21:00:00', 3, 7, 2),
(9053992434810, 2068861653660, 24, '2024-10-09 00:00:00', '13:00:00', '14:00:00', 3, 6, 5),
(8627849786318, 8384865598472, 34, '2024-10-28 00:00:00', '19:00:00', '20:00:00', 3, 2, 3);

INSERT INTO Horario_Tutor (DPI_tutor, dia, hora_inicio, hora_fin) VALUES
(4344464959624, 'Miércoles', '12:00:00', '13:00:00'),
(9020462756578, 'Lunes', '16:00:00', '17:00:00'),
(3944372839685, 'Viernes', '15:00:00', '16:00:00'),
(6864571495692, 'Martes', '14:00:00', '15:00:00'),
(5927862084448, 'Sabado', '11:00:00', '12:00:00'),
(6864571495692, 'Domingo', '16:00:00', '17:00:00'),
(8627849786318, 'Domingo', '18:00:00', '19:00:00'),
(9065653957149, 'Sabado', '12:00:00', '13:00:00'),
(9065653957149, 'Viernes', '16:00:00', '17:00:00'),
(6864571495692, 'Jueves', '14:00:00', '15:00:00'),
(5927862084448, 'Martes', '15:00:00', '16:00:00'),
(4553996106396, 'Sabado', '13:00:00', '14:00:00'),
(7467950263827, 'Martes', '16:00:00', '17:00:00'),
(7012755065577, 'Martes', '12:00:00', '13:00:00'),
(5927862084448, 'Domingo', '18:00:00', '19:00:00'),
(7467950263827, 'Domingo', '15:00:00', '16:00:00'),
(4553996106396, 'Martes', '13:00:00', '14:00:00'),
(5927862084448, 'Domingo', '18:00:00', '19:00:00'),
(4553996106396, 'Lunes', '20:00:00', '21:00:00'),
(6864571495692, 'Martes', '16:00:00', '17:00:00'),
(7012755065577, 'Viernes', '17:00:00', '18:00:00'),
(8627849786318, 'Miércoles', '16:00:00', '17:00:00'),
(3944372839685, 'Lunes', '19:00:00', '20:00:00'),
(8788315942398, 'Jueves', '12:00:00', '13:00:00'),
(9065653957149, 'Viernes', '16:00:00', '17:00:00'),
(5927862084448, 'Martes', '13:00:00', '14:00:00'),
(5927862084448, 'Domingo', '13:00:00', '14:00:00'),
(3944372839685, 'Jueves', '11:00:00', '12:00:00'),
(9993103095480, 'Domingo', '15:00:00', '16:00:00'),
(9065653957149, 'Viernes', '18:00:00', '19:00:00'),
(3944372839685, 'Jueves', '15:00:00', '16:00:00'),
(3944372839685, 'Martes', '17:00:00', '18:00:00'),
(6864571495692, 'Miércoles', '14:00:00', '15:00:00'),
(8627849786318, 'Domingo', '13:00:00', '14:00:00'),
(8788315942398, 'Lunes', '13:00:00', '14:00:00'),
(9020462756578, 'Viernes', '20:00:00', '21:00:00'),
(9993103095480, 'Lunes', '12:00:00', '13:00:00'),
(7012755065577, 'Martes', '18:00:00', '19:00:00'),
(4344464959624, 'Jueves', '16:00:00', '17:00:00'),
(9993103095480, 'Sabado', '12:00:00', '13:00:00'),
(4344464959624, 'Viernes', '14:00:00', '15:00:00'),
(9053992434810, 'Sabado', '19:00:00', '20:00:00'),
(3944372839685, 'Lunes', '16:00:00', '17:00:00'),
(4344464959624, 'Sabado', '18:00:00', '19:00:00'),
(9053992434810, 'Viernes', '14:00:00', '15:00:00'),
(3944372839685, 'Miércoles', '11:00:00', '12:00:00'),
(4344464959624, 'Martes', '13:00:00', '14:00:00'),
(9053992434810, 'Jueves', '13:00:00', '14:00:00'),
(7467950263827, 'Jueves', '15:00:00', '16:00:00'),
(4344464959624, 'Martes', '14:00:00', '15:00:00'),
(9053992434810, 'Jueves', '13:00:00', '14:00:00'),
(7467950263827, 'Domingo', '20:00:00', '21:00:00'),
(4553996106396, 'Domingo', '11:00:00', '12:00:00'),
(7467950263827, 'Domingo', '19:00:00', '20:00:00'),
(7012755065577, 'Viernes', '14:00:00', '15:00:00'),
(9020462756578, 'Viernes', '11:00:00', '12:00:00'),
(5927862084448, 'Martes', '15:00:00', '16:00:00'),
(7012755065577, 'Viernes', '16:00:00', '17:00:00'),
(9053992434810, 'Miércoles', '14:00:00', '15:00:00'),
(5927862084448, 'Sabado', '14:00:00', '15:00:00'),
(4553996106396, 'Jueves', '17:00:00', '18:00:00'),
(8627849786318, 'Jueves', '11:00:00', '12:00:00'),
(5927862084448, 'Viernes', '18:00:00', '19:00:00'),
(3944372839685, 'Lunes', '12:00:00', '13:00:00'),
(7467950263827, 'Viernes', '19:00:00', '20:00:00'),
(6864571495692, 'Miércoles', '13:00:00', '14:00:00'),
(4344464959624, 'Jueves', '14:00:00', '15:00:00'),
(4553996106396, 'Domingo', '18:00:00', '19:00:00'),
(4344464959624, 'Viernes', '13:00:00', '14:00:00');

